{"cameraMode":{"drawMode":0,"name":"Shaded","section":"Shading Mode"},"sceneLighting":true,"audioPlay":false,"sceneViewState":{"showFog":true,"showMaterialUpdate":false,"showSkybox":true,"showFlares":true,"showImageEffects":true,"showParticleSystems":true},"in2DMode":false,"pivot":{"x":0.7747389078140259,"y":0.9676544666290283,"z":1.3009153604507447},"rotation":{"x":-0.052468057721853259,"y":0.017975030466914178,"z":0.000941900652833283,"w":0.9984654188156128},"size":6.028802394866943,"orthographic":true}